cmo_id,document,topic
01_do_offsets_mitigate_or_magnify_the_military_burden_pdf__cmo_001,"By offering cost offsets framed as economic benefits, sellers provide an inducement that shifts decision-makers’ reasoning from reluctance to acceptance.",-1
01_do_offsets_mitigate_or_magnify_the_military_burden_pdf__cmo_002,"By embedding compensatory work in an offset package, officials can present support to domestic producers as a condition of purchase rather than a visible subsidy, reducing political costs.",13
01_do_offsets_mitigate_or_magnify_the_military_burden_pdf__cmo_003,"By making offsets appear to deliver large economic benefits (even if illusory), officials reduce perceived net costs and increase public acceptance.",3
01_do_offsets_mitigate_or_magnify_the_military_burden_pdf__cmo_004,"Shifts in conditions, contractor fortunes, or bad faith reduce the ability and incentives to complete promised offset activities, especially when enforcement is weak.",-1
01_do_offsets_mitigate_or_magnify_the_military_burden_pdf__cmo_005,Structuring offset agreements to maximize transparency and create credible incentives/penalties increases supplier compliance with offset obligations.,2
01_do_offsets_mitigate_or_magnify_the_military_burden_pdf__cmo_006,"By counting pre-existing transactions as meeting offset obligations, suppliers inflate apparent offset delivery without creating genuinely additional business.",2
01_do_offsets_mitigate_or_magnify_the_military_burden_pdf__cmo_007,Vendors incorporate offset premiums into the weapons selling price to recoup offset costs.,11
01_do_offsets_mitigate_or_magnify_the_military_burden_pdf__cmo_008,Military-sector offset work diverts productive resources away from civilian production that contributes more directly to development.,1
01_do_offsets_mitigate_or_magnify_the_military_burden_pdf__cmo_009,"Barter bypasses financial constraints and reduces transaction transparency, which can advantage both supplier and purchasing government.",-1
01_do_offsets_mitigate_or_magnify_the_military_burden_pdf__cmo_010,"When counterpurchase creates genuinely additional export sales (not otherwise achievable or less profitable without the deal), it increases revenue and supports productive civilian employment.",5
01_do_offsets_mitigate_or_magnify_the_military_burden_pdf__cmo_011,"External grant funding adds resources for development projects, partially counterbalancing the resource drain of the arms purchase.",1
01_do_offsets_mitigate_or_magnify_the_military_burden_pdf__cmo_012,"When offset investment is financed from outside the purchasing country, it increases net capital availability rather than reshuffling scarce domestic finance.",-1
01_do_offsets_mitigate_or_magnify_the_military_burden_pdf__cmo_013,"When offset activity is financed domestically, it crowds out local investment opportunities by absorbing limited capital from within the purchasing country.",-1
01_do_offsets_mitigate_or_magnify_the_military_burden_pdf__cmo_014,"Skills developed for performance-driven, cost-insensitive military production are not easily transferable (or require costly reshaping) to civilian production needs.",1
01_do_offsets_mitigate_or_magnify_the_military_burden_pdf__cmo_015,"If offset projects simply hire already skilled workers from the limited local pool, they preempt labor needed by domestic civilian producers.",0
01_do_offsets_mitigate_or_magnify_the_military_burden_pdf__cmo_016,Requiring employer-financed training that raises lower-skilled workers to the needed level expands the local skill pool rather than draining it.,-1
01_do_offsets_mitigate_or_magnify_the_military_burden_pdf__cmo_017,"Because military technologies often require costly reshaping for civilian uses, pursuing civilian technology directly is generally more cost-effective.",1
01_do_offsets_mitigate_or_magnify_the_military_burden_pdf__cmo_018,"When transferred technologies are incompatible with the receiving environment, they fail to function effectively or to integrate into productive systems.",0
01_do_offsets_mitigate_or_magnify_the_military_burden_pdf__cmo_019,Selecting appropriate technologies and implementing transfer carefully increases the likelihood that transferred technologies are usable and development-relevant.,0
01_do_offsets_mitigate_or_magnify_the_military_burden_pdf__cmo_020,Offsets function as a differentiator between suppliers when core capability requirements are fixed.,-1
01_do_offsets_mitigate_or_magnify_the_military_burden_pdf__cmo_021,"Promised offset benefits provide an argument that reframes the purchase as economically beneficial, reducing resistance.",3
01_do_offsets_mitigate_or_magnify_the_military_burden_pdf__cmo_022,Domestic arms-industry influence pushes governments to demand direct offsets that subsidize local military industry as part of foreign procurement.,1
01_do_offsets_mitigate_or_magnify_the_military_burden_pdf__cmo_023,"Requiring development-oriented indirect offsets (capital inflows, appropriate technology transfer, transferable skills, and/or new markets) and emphasizing transparency increases the chance of realization and development relevance.",0
02_using_procurement_offsets_as_an_economic_development_strategy_pdf__cmo_001,"By requiring benefits packages alongside the base good, offsets redirect competition away from price/quality toward bundled content that may be unrelated to the procured item.",2
02_using_procurement_offsets_as_an_economic_development_strategy_pdf__cmo_002,"Offset policy extracts rent off the price margin by requiring sellers to transfer economic activity into the domestic economy, allowing governments to pursue multiple objectives through procurement.",-1
02_using_procurement_offsets_as_an_economic_development_strategy_pdf__cmo_003,"Because expected benefits are more salient than expected costs, officials adopt offsets even when net welfare effects are ambiguous.",3
02_using_procurement_offsets_as_an_economic_development_strategy_pdf__cmo_004,A one-size-fits-all mandate constrains negotiation dimensions and creates diseconomies of scale and scope by forcing offsets where market exchange would be superior.,9
02_using_procurement_offsets_as_an_economic_development_strategy_pdf__cmo_005,"Offsets are advisable only when exchange hazard is high and expected recipient benefits are high, because offsets can substitute for poorly functioning markets and unlock reputational/capability gains.",-1
02_using_procurement_offsets_as_an_economic_development_strategy_pdf__cmo_006,"In this setting, offsets add administrative burden and rent-seeking costs without improving technology transfer or exchange integrity.",-1
02_using_procurement_offsets_as_an_economic_development_strategy_pdf__cmo_007,"To minimize its own costs and ensure quality, the seller has incentives to teach efficient routines; successful completion also provides a reputational “stamp of approval” that lowers the domestic firm’s market-entry transaction costs.",2
02_using_procurement_offsets_as_an_economic_development_strategy_pdf__cmo_008,"Government uses bargaining power to encourage alliances without mandating offsets (e.g., best-endeavors), preserving market competition while enabling collaboration.",-1
02_using_procurement_offsets_as_an_economic_development_strategy_pdf__cmo_009,"By waiving offset requirements for foreign firms that enter strategic alliances, the program increases long-term investment and channels reputational capital to domestic firms while maintaining competitive selection.",-1
02_using_procurement_offsets_as_an_economic_development_strategy_pdf__cmo_010,"A variable offset policy increases negotiation flexibility and the opportunity set, allowing comparison of price-margin exchange versus offsets and reducing diseconomies of scope.",9
02_using_procurement_offsets_as_an_economic_development_strategy_pdf__cmo_011,"Variable offset policies increase discretion between price and content, attracting internal and external rent-seeking; strict mandatory triggers constrain discretion and can reduce rent-seeking.",-1
02_using_procurement_offsets_as_an_economic_development_strategy_pdf__cmo_012,"Imposing offsets in low-hazard categories forces content-based contracting where price-margin savings would be superior, creating opportunity costs.",9
02_using_procurement_offsets_as_an_economic_development_strategy_pdf__cmo_013,"Broad mandates generate proposal overload and encourage superficial evaluation criteria (e.g., workload and jobs) rather than technology-transfer quality, while atomistic sellers add offset burdens that raise prices with little reputational effect.",-1
02_using_procurement_offsets_as_an_economic_development_strategy_pdf__cmo_014,"Direct offsets better safeguard hazardous exchanges by tying performance to the procured system, while indirect offsets are more applicable for wider development objectives but can raise costs if outside seller capabilities.",-1
03_mandatory_defense_offsets_conceptual_foundations_pdf__cmo_001,"By mandating reciprocal activity (countertrade, local content, or bundled enhancements) as a condition of market access, the importing state imposes trade-restricting requirements on exporters.",5
03_mandatory_defense_offsets_conceptual_foundations_pdf__cmo_002,Mixed objectives and unclear incidence of benefits make it difficult to specify evaluation criteria and to identify who gains net benefits from mandated offsets.,3
03_mandatory_defense_offsets_conceptual_foundations_pdf__cmo_003,"By requiring reciprocal purchases to be additional (“new activity”), the offset policy aims to create exports that would not otherwise occur.",5
03_mandatory_defense_offsets_conceptual_foundations_pdf__cmo_004,"Because there is no unique benchmark price, suppliers can embed offset-related costs into the offered weapons price without the buyer being able to verify price padding.",11
03_mandatory_defense_offsets_conceptual_foundations_pdf__cmo_005,"Suppliers accept offset obligations only when the overall package yields satisfactory returns, adjusting the weapons price upward if needed or walking away otherwise.",11
03_mandatory_defense_offsets_conceptual_foundations_pdf__cmo_006,"Suppliers may accept obligations but later default, and although buyers can attempt incentive contracts, enforcement is difficult in practice.",-1
03_mandatory_defense_offsets_conceptual_foundations_pdf__cmo_007,"Bureaucratically mandated, fixed-percentage offset schemes reduce negotiation flexibility by forcing in-kind enhancements instead of allowing negotiators to choose the most advantageous mix of price and content.",9
03_mandatory_defense_offsets_conceptual_foundations_pdf__cmo_008,"High local content targets force inclusion of uncompetitive domestic subcontractors, generating price premiums that are factored into bid prices or motivate reneging when premiums are constrained.",2
03_mandatory_defense_offsets_conceptual_foundations_pdf__cmo_009,"Local content requirements force primes to search and engage domestic suppliers, addressing an information imperfection about local capability.",4
03_mandatory_defense_offsets_conceptual_foundations_pdf__cmo_010,"Once the mandated transaction ends, primes discontinue domestic sourcing unless continued work in the host economy makes local supply chain relocation worthwhile.",4
03_mandatory_defense_offsets_conceptual_foundations_pdf__cmo_011,"When the buyer lacks market power to force cross-subsidization, the vendor prices expected offset demands into the primary product’s offer price.",11
03_mandatory_defense_offsets_conceptual_foundations_pdf__cmo_012,Untargeted bundle targets ignore complementarities and may force inefficient bundling choices compared to separately sourcing requirements from specialized vendors.,2
03_mandatory_defense_offsets_conceptual_foundations_pdf__cmo_013,"Suppliers can promise offsets to win contracts and later renege or deliver less value, because timing and enforcement frictions weaken purchaser leverage.",-1
04_economic_aspects_of_arms_trade_offsets_pdf__cmo_001,"By requiring the exporter to purchase goods from the importing country as an indirect offset, the deal functions like a sector-specific price adjustment that stimulates exports in the chosen sector.",5
04_economic_aspects_of_arms_trade_offsets_pdf__cmo_002,"Non-monetary offset trade substitutes in-kind exchanges for cash payment, bypassing credit-market constraints.",-1
04_economic_aspects_of_arms_trade_offsets_pdf__cmo_003,Lower visibility enables difficult-to-detect price discrimination and dumping of product in world markets.,-1
04_economic_aspects_of_arms_trade_offsets_pdf__cmo_004,"Buyback requirements hold the seller “hostage” by making it responsible for buying back output, aligning incentives so the seller avoids transferring outdated technology that would undermine buyback viability.",-1
04_economic_aspects_of_arms_trade_offsets_pdf__cmo_005,Depreciation creates an incentive for arms sellers to license technology via offsets to monetize it while it is still valuable.,0
04_economic_aspects_of_arms_trade_offsets_pdf__cmo_006,"Large exporting firms with established networks can market buyer-country products more cheaply than the buyer can, reducing market penetration costs.",6
04_economic_aspects_of_arms_trade_offsets_pdf__cmo_007,Offsets can function as part of complex bundled contracting that reduces transaction costs and reallocates rents under these imperfections.,-1
04_economic_aspects_of_arms_trade_offsets_pdf__cmo_008,Using offsets as a second-best substitute for appropriate macro/trade reforms distorts resource allocation and embeds inefficient sector-specific fixes in procurement.,13
04_economic_aspects_of_arms_trade_offsets_pdf__cmo_009,Competitive pressure among sellers makes offsets a feature of bidding; firms include offsets when doing so increases expected profits by preventing loss of sales to rivals.,11
04_economic_aspects_of_arms_trade_offsets_pdf__cmo_010,Anticipated loss of labor-market rents and employment prompts unions to oppose offsets and to seek regulation that limits competitive arms exports involving production shifting.,5
04_economic_aspects_of_arms_trade_offsets_pdf__cmo_011,"Offset-induced competition reallocates profits between domestic firms and buyers, creating distributive conflict even when aggregate national net effects are small.",-1
04_economic_aspects_of_arms_trade_offsets_pdf__cmo_012,"When exports are subsidized, taxpayers finance part of the export production, offsetting (or reversing) any unit-cost savings from scale.",5
04_economic_aspects_of_arms_trade_offsets_pdf__cmo_013,Allocating taxpayer resources to offset-related military industry imposes opportunity costs by diverting funds from civilian social sectors with potentially higher social returns.,1
04_economic_aspects_of_arms_trade_offsets_pdf__cmo_014,"By encouraging bilateralism and reallocating investment/purchases across countries, mandatory offsets impose externalities on third parties and conflict with free-trade norms.",5
04_economic_aspects_of_arms_trade_offsets_pdf__cmo_015,"Technology transfer and training offsets do not create this capital in a self-sustaining way, and exporters continue to advance technologically, leaving recipients behind.",0
04_economic_aspects_of_arms_trade_offsets_pdf__cmo_016,"When exports are shipped for the exporter to sell as part of an offset, the importing country foregoes the foreign exchange it would have earned from selling those exports itself, leaving the net foreign-exchange position unchanged.",5
04_economic_aspects_of_arms_trade_offsets_pdf__cmo_017,"Because world demand is not increased by offset obligations, purchases are diverted from other suppliers/countries, and military spending can reduce overall demand.",1
04_economic_aspects_of_arms_trade_offsets_pdf__cmo_018,"Even with buyback, exporters can profit from outdated technology combined with low-cost labor; after the offset agreement ends, recipients without sustained capability momentum fall behind again.",5
04_economic_aspects_of_arms_trade_offsets_pdf__cmo_019,"If the exporter would have pursued the same partnerships through normal due diligence regardless of offset credit, then the offset does not cause the business relationship; it only changes accounting labels.",5
05_arms_trade_as_illiberal_trade_pdf__cmo_001,"Exemption from liberal trade rules allows states to restrict transfers and to condition sales on reciprocal arrangements, producing illiberal contracting practices.",-1
05_arms_trade_as_illiberal_trade_pdf__cmo_002,"Illiberal contracting latitude (refusals, buy_domestic, and offsets) creates state-to-state and firm-to-state ties that extend beyond normal price/quality competition.",-1
05_arms_trade_as_illiberal_trade_pdf__cmo_003,"Greater buyer leverage increases demands for offsets (components, technology transfer, marketing/investment), intensifying cross-national linkages in procurement.",-1
05_arms_trade_as_illiberal_trade_pdf__cmo_004,"Offsets create “diagonalized” exchanges by requiring primes to subcontract, market unrelated goods, and transfer technology across borders and sectors.",-1
05_arms_trade_as_illiberal_trade_pdf__cmo_005,"When exports (and offsets) help increase the buyer pool, services shift from proliferation restraint toward making sales work for customers, adopting a more permissive stance on offsets.",5
05_arms_trade_as_illiberal_trade_pdf__cmo_006,"Firms build in-house offset organizations that operate like trading companies (marketing offset products, arranging subcontracting, technology search/transfer, credit sourcing, and offset-credit trading).",0
05_arms_trade_as_illiberal_trade_pdf__cmo_007,"Managing offset obligations imposes transaction costs that consume resources (personnel, legal/monitoring, travel/communications), estimated as a share of sale value.",-1
05_arms_trade_as_illiberal_trade_pdf__cmo_008,Long fulfillment horizons and crediting practices allow firms to receive offset credit exceeding transactional fulfillment value.,-1
05_arms_trade_as_illiberal_trade_pdf__cmo_009,"As more countries adopt offsets and escalate requirements (toward 100%+), firms adapt by expanding offset operations and negotiating longer, more complex contracts.",-1
05_arms_trade_as_illiberal_trade_pdf__cmo_010,"Buyer ability to extract economic activity and know-how via offsets increases willingness to import superior foreign systems, reinforcing exporter dominance while forcing work-sharing back to buyer countries.",5
05_arms_trade_as_illiberal_trade_pdf__cmo_011,"By shifting component production overseas, primes export parts of their own capability and create enduring supplier relationships for buyer firms.",4
05_arms_trade_as_illiberal_trade_pdf__cmo_012,"Once buyer-country firms secure component roles via coproduction/subcontracting, they can supply not only the original prime but also other manufacturers, competing with domestic suppliers.",4
05_arms_trade_as_illiberal_trade_pdf__cmo_013,"Direct offsets shift work away from domestic suppliers toward foreign subcontractors, with suppliers bearing a large share of displacement.",13
05_arms_trade_as_illiberal_trade_pdf__cmo_014,"By introducing offset-linked competition and support for foreign firms’ cost/quality improvements, indirect offsets impose “hidden injuries” on non-defense sectors that may not know why competition intensified.",-1
05_arms_trade_as_illiberal_trade_pdf__cmo_015,"Offset transactions reduce foreign firms’ costs and/or raise quality and market-competitiveness, while technology transfer back to the US is rare.",0
05_arms_trade_as_illiberal_trade_pdf__cmo_016,"Licensed production/technology sharing associated with offsets increases opportunities for diversion, while enforcement is inadequate and undetected transfers likely exceed detected cases.",0
05_arms_trade_as_illiberal_trade_pdf__cmo_017,Interoperability demands and offset-driven technology sharing can be used to justify accelerating next-generation development to maintain an edge.,0
05_arms_trade_as_illiberal_trade_pdf__cmo_018,"Economic imperatives gain ascendancy over foreign-policy/security concerns, shifting lead roles toward defense/economic agencies and weakening arms-control functions.",1
05_arms_trade_as_illiberal_trade_pdf__cmo_019,"By linking military imports to offsets that build non-defense capabilities, governments make military spending more attractive in budget competition and may increase total weapons purchases.",1
05_arms_trade_as_illiberal_trade_pdf__cmo_020,"Offset-driven procurement reduces incentives to minimize purchase costs (e.g., off-the-shelf), while price opacity makes it hard to judge whether paid prices are reasonable.",-1
05_arms_trade_as_illiberal_trade_pdf__cmo_021,"Prime contractors have shared incentives to maintain offset practices and exclusion from free-trade regimes because offsets expand markets and preserve pricing power, even while firms compete on deals.",-1
06_defense_offsets_policy_versus_pragmatism_pdf__cmo_001,Politicians use offset promises as persuasive rhetoric to frame weapons purchases as delivering wider economic development benefits.,3
06_defense_offsets_policy_versus_pragmatism_pdf__cmo_002,Buyer leverage in a buyer’s market enables purchasing states to extract concessions (offsets/industrial participation) from offshore vendors.,-1
06_defense_offsets_policy_versus_pragmatism_pdf__cmo_003,"When security urgency or treaty quid-pro-quo dominates decision-making, governments de-emphasize offsets and choose off-the-shelf purchases.",3
06_defense_offsets_policy_versus_pragmatism_pdf__cmo_004,"Flexible, negotiated approaches (case-by-case) can maximize mutual benefit without necessarily reducing technology transfer, while rigid prescription increases stress as demands rise.",9
06_defense_offsets_policy_versus_pragmatism_pdf__cmo_005,The threat of reduced consideration for future bids provides an informal enforcement incentive to meet offset targets.,-1
06_defense_offsets_policy_versus_pragmatism_pdf__cmo_006,Multipliers and penalty-backed obligations increase incentives for investment and technology transfer into pre-determined local sectors.,2
06_defense_offsets_policy_versus_pragmatism_pdf__cmo_007,Offsets link procurement to licensing/collaboration and technology transfer pathways aligned with each country’s strategic-industrial objectives.,0
06_defense_offsets_policy_versus_pragmatism_pdf__cmo_008,"Effective absorption requires skilled workforce, diversified innovative subcontractor base, and the ability to evolve technologies under IP constraints, supported by national science-and-technology policy and R&D culture.",0
06_defense_offsets_policy_versus_pragmatism_pdf__cmo_009,Information opacity and strategic bargaining over technology flows make outcomes uncertain and complicate verification of long-run benefits.,-1
06_defense_offsets_policy_versus_pragmatism_pdf__cmo_010,"When offset programs focus on immediate assembly/work placement without embedding longer-term capability development, benefits decay after project completion.",-1
06_defense_offsets_policy_versus_pragmatism_pdf__cmo_011,"Vendors treat offset costs as a pricing issue and attempt to load costs into the primary contract price, while buyers escalate targets to reduce pass-through.",11
06_defense_offsets_policy_versus_pragmatism_pdf__cmo_012,Divergent valuation methods generate negotiation friction and can derail procurement bids or complicate offset strategy agreements.,9
06_defense_offsets_policy_versus_pragmatism_pdf__cmo_013,"When pre-existing or follow-on work is counted as offset credit, the true incremental value of offsets is overstated and accountability weakens.",3
06_defense_offsets_policy_versus_pragmatism_pdf__cmo_014,"Credit banking relaxes immediate delivery constraints and enables long-term, multi-project clearing, but can reduce transparency about what is delivered for a given contract.",2
06_defense_offsets_policy_versus_pragmatism_pdf__cmo_015,"Vendors manage risk by transferring aged or limited-scope technology and restricting access via IP/legal barriers and black-boxing, limiting learning.",0
06_defense_offsets_policy_versus_pragmatism_pdf__cmo_016,"Licensed production enables cumulative learning and adaptation, allowing host countries to introduce upgrades and improved variants.",0
06_defense_offsets_policy_versus_pragmatism_pdf__cmo_017,"Where domestic production requires subsidies to match incumbent supplier costs, job creation is achieved at high public cost and may not be efficient.",6
06_defense_offsets_policy_versus_pragmatism_pdf__cmo_018,"Large outbound offset obligations can outweigh inbound industrial participation work, producing net job losses in the longer term.",13
07_comparing_british_and_german_offset_strategies_pdf__cmo_001,Different state-industry relationships and policy histories shape how offsets are perceived and operationalized in procurement and exports.,13
07_comparing_british_and_german_offset_strategies_pdf__cmo_002,"Because open procurement at home coexists with protectionism abroad, the UK treats import offsets (industrial participation) as a second-best necessity and sets systematic rules to request IP on significant offshore content.",7
07_comparing_british_and_german_offset_strategies_pdf__cmo_003,"By requesting defense-related, new, technically equivalent work at no additional cost and within contract duration, the MoD attempts to secure offset benefits without sacrificing value-for-money procurement.",-1
07_comparing_british_and_german_offset_strategies_pdf__cmo_004,High offset demands in one market raise reciprocal expectations in others; using more indirect offsets can reduce financial risk and preserve established supply chains.,11
07_comparing_british_and_german_offset_strategies_pdf__cmo_005,"By conditioning credit on demonstrable market use, the UK attempts to discourage paper transfers and improve additionality and effectiveness.",2
07_comparing_british_and_german_offset_strategies_pdf__cmo_006,"By structuring procurement through an “open” supplier cartel and requiring foreign suppliers to participate in German consortia, Germany embeds direct offsets/work share into the procurement system without an explicit IP policy.",7
07_comparing_british_and_german_offset_strategies_pdf__cmo_007,"Licensed production, collaboration, and offset-like work requirements were used to acquire technology and build dual-use capacity, accepting costs for production under license when it delivered transfer.",0
07_comparing_british_and_german_offset_strategies_pdf__cmo_008,Allowing foreign suppliers to establish subsidiaries enabled participation and capability build-up; later consolidation absorbed or eliminated these affiliates as German firms grew.,4
07_comparing_british_and_german_offset_strategies_pdf__cmo_009,"Shifting from strict juste_retour to global_balance reduces fragmentation and can improve collaborative efficiency, but requires political agreement and offsets/waivers.",3
07_comparing_british_and_german_offset_strategies_pdf__cmo_010,"Government export support organizations (e.g., UK DESO) help firms navigate offset rules, build projects, and identify credit opportunities, especially for smaller exporters lacking offset staff.",-1
08_offsets_and_the_joint_strike_fighter_in_the_uk_and_the_netherlands_pdf__cmo_001,"Non-competitive work splitting and multi-layer committee structures increase transaction costs, blur accountability, and slow decisions.",-1
08_offsets_and_the_joint_strike_fighter_in_the_uk_and_the_netherlands_pdf__cmo_002,"Allowing firms to count business that would have occurred anyway (e.g., civil aero-engine purchases) as offset credit undermines additionality and overstates benefits.",3
08_offsets_and_the_joint_strike_fighter_in_the_uk_and_the_netherlands_pdf__cmo_003,"When development is complete, offsets offer few opportunities for acquiring new technology, limiting technology-transfer potential.",0
08_offsets_and_the_joint_strike_fighter_in_the_uk_and_the_netherlands_pdf__cmo_004,"Offset promises provide a tool to justify imports by claiming protection of jobs and technology, even when costs/efficiency losses exist.",3
08_offsets_and_the_joint_strike_fighter_in_the_uk_and_the_netherlands_pdf__cmo_005,Reliance on offset-dependent work reduces design and systems-integration experience compared with independent national programs or substantive collaboration.,-1
08_offsets_and_the_joint_strike_fighter_in_the_uk_and_the_netherlands_pdf__cmo_006,"Early partnership and competitive “best value” work allocation provide access to development roles and potential high-technology work shares, conditional on technology access agreements and export-control approvals.",12
08_offsets_and_the_joint_strike_fighter_in_the_uk_and_the_netherlands_pdf__cmo_007,"Exclusive partnership yields “win-lose” exposure tied to prime selection, while suppliers in both teams hedge risk (“win-win”) based on competitive advantage.",12
08_offsets_and_the_joint_strike_fighter_in_the_uk_and_the_netherlands_pdf__cmo_008,Political pressure from partners leads the JSF Program Office to add “strategic best value” set-asides to ensure some work is reserved for partner-nation contractors meeting cost/schedule.,12
08_offsets_and_the_joint_strike_fighter_in_the_uk_and_the_netherlands_pdf__cmo_009,"Contractor-provided industrial participation studies function as marketing and are subject to bias, requiring cautious interpretation and valuation of uncertain technology benefits.",7
08_offsets_and_the_joint_strike_fighter_in_the_uk_and_the_netherlands_pdf__cmo_010,Broader packages promising long-term partnerships and non-defense opportunities attempt to create durable collaboration beyond meeting an offset percentage.,12
09_nordic_offset_policies_changes_and_challenges_pdf__cmo_001,"As imports of components/subsystems rise (e.g., to save costs or avoid domestic development), governments require foreign suppliers to compensate through offsets (work share, countertrade, technology transfer).",7
09_nordic_offset_policies_changes_and_challenges_pdf__cmo_002,"Smaller domestic industrial capacity limits the ability to absorb and execute large offset obligations, prompting policy adjustments (e.g., lower required percentages or thresholds).",-1
09_nordic_offset_policies_changes_and_challenges_pdf__cmo_003,"Offsets (along with credits/loan guarantees) become competitive tools rather than purely political add-ons, pushing Nordic policies to become more specific and technology-focused.",-1
09_nordic_offset_policies_changes_and_challenges_pdf__cmo_004,"By preferring offsets that involve domestic participation in development/manufacture and learning to maintain/support equipment, policies aim to sustain skills and lifecycle support capability.",-1
09_nordic_offset_policies_changes_and_challenges_pdf__cmo_005,Reducing multipliers or evaluating them case-by-case limits artificial inflation of offset value and shifts emphasis to verifiable projects.,3
09_nordic_offset_policies_changes_and_challenges_pdf__cmo_006,"Restricting banking (time limits, transfer limits, caps on proportion satisfied) preserves closer coupling between current procurement and compensatory activity.",-1
09_nordic_offset_policies_changes_and_challenges_pdf__cmo_007,"Denmark avoids financial penalties because it acknowledges penalties raise import prices, instead using supplier blacklisting; Norway uses withheld-payment sanctions; Finland/Sweden accept economic sanctions.",5
09_nordic_offset_policies_changes_and_challenges_pdf__cmo_008,"Policies explicitly prohibit offsets from influencing supplier choice until systems meet requirements, preventing offsets from distorting capability selection.",-1
09_nordic_offset_policies_changes_and_challenges_pdf__cmo_009,"By tying offsets to export expectations and participation in production for non-domestic customers, domestic firms gain access to international supply chains and markets.",7
09_nordic_offset_policies_changes_and_challenges_pdf__cmo_010,"When subcontracts are awarded commercially, partner nations must pay for participation and accept less than full influence and less than full industrial participation.",12
09_nordic_offset_policies_changes_and_challenges_pdf__cmo_011,"Complex and heterogeneous offset arrangements decouple headline percentage values from actual work delivered, complicating audits and comparisons.",3
09_nordic_offset_policies_changes_and_challenges_pdf__cmo_012,Recognizing higher costs and lower-than-expected gains prompts policy revisions to allow less than 100% offsets or even zero in specific cases.,3
10_evaluating_defense_offsets_the_experience_in_finland_and_sweden_pdf__cmo_001,"Firms compete by offering attractive offset packages, and buyer governments use bargaining leverage to demand optimally beneficial compensation arrangements.",9
10_evaluating_defense_offsets_the_experience_in_finland_and_sweden_pdf__cmo_002,Limited data access and vested interests in industry and government constrain disclosure and complicate separating fact from fiction.,10
10_evaluating_defense_offsets_the_experience_in_finland_and_sweden_pdf__cmo_003,"Because it is unknown what would have happened without the offset obligation, analysts must assume a counterfactual, introducing fundamental uncertainty about additionality.",3
10_evaluating_defense_offsets_the_experience_in_finland_and_sweden_pdf__cmo_004,"Suppliers insure against penalty and compliance risks by raising contract values, and administrative burdens also increase costs, obscuring the true price premium of offsets.",11
10_evaluating_defense_offsets_the_experience_in_finland_and_sweden_pdf__cmo_005,"Heterogeneity in offset types and goals produces different economic effects and requires different evaluation methods, limiting generalization.",3
10_evaluating_defense_offsets_the_experience_in_finland_and_sweden_pdf__cmo_006,"Because supplier contribution to deal initiation cannot be established and some projects would have occurred anyway, fulfillment rates can be inflated by multiplier pricing, consultants, and advance crediting.",2
10_evaluating_defense_offsets_the_experience_in_finland_and_sweden_pdf__cmo_007,"Offset-generated exports concentrate in existing trade relations and traditional products from large exporters, limiting SME exports and job creation.",5
10_evaluating_defense_offsets_the_experience_in_finland_and_sweden_pdf__cmo_008,High management burdens and pressure to fulfill large obligations lead to labor-intensive monitoring and reliance on seemingly artificial projects.,6
10_evaluating_defense_offsets_the_experience_in_finland_and_sweden_pdf__cmo_009,"When additionality cannot be established and costs are unknown, demanding 100% offsets can yield questionable net value and misdirect defense budget resources toward general export promotion.",3
10_evaluating_defense_offsets_the_experience_in_finland_and_sweden_pdf__cmo_010,Statistical association between receiving offsets and firm income/employment growth can coexist with limited national net benefit and poor alignment with policy goals.,3
10_evaluating_defense_offsets_the_experience_in_finland_and_sweden_pdf__cmo_011,Linking offset requirements to import contracts creates compensatory commercial/industrial work intended to expand production and sustain employment.,-1
10_evaluating_defense_offsets_the_experience_in_finland_and_sweden_pdf__cmo_012,Indirect offsets (reciprocal purchases unrelated to the arms deal) obscure causal attribution and complicate evaluation compared to direct offsets.,3
10_evaluating_defense_offsets_the_experience_in_finland_and_sweden_pdf__cmo_013,"Lack of clear requirements and approval criteria enables retroactive crediting and preferential treatment, reducing competition and potentially raising prices.",2
10_evaluating_defense_offsets_the_experience_in_finland_and_sweden_pdf__cmo_014,"Making policy more specific, setting approval criteria in advance, and requiring competitive bidding and continuous monitoring improves transparency and limits distortions.",-1
10_evaluating_defense_offsets_the_experience_in_finland_and_sweden_pdf__cmo_015,Emphasis on indirect offsets was initially used to extend industrial activity beyond the life of a specific procurement program.,13
10_evaluating_defense_offsets_the_experience_in_finland_and_sweden_pdf__cmo_016,"By abandoning civil offsets and focusing on military offsets in prioritized technology fields, policy aims to secure long-term defense technological competence rather than diffuse economic objectives.",1
10_evaluating_defense_offsets_the_experience_in_finland_and_sweden_pdf__cmo_017,"Direct military offsets build local capacity to maintain and modify imported systems, supporting lifecycle readiness and security of supply.",1
10_evaluating_defense_offsets_the_experience_in_finland_and_sweden_pdf__cmo_018,"Indirect military offsets are targeted to prioritized technology fields and evaluated for qualitative and long-term impact, sustaining competence across the defense technology base.",1
11_offsets_in_belgium_between_scylla_and_charybdis_pdf__cmo_001,"By tying arms purchases to compensatory work and know-how transfer, procurement decisions channel resources to domestic firms that sustain and upgrade capabilities.",1
11_offsets_in_belgium_between_scylla_and_charybdis_pdf__cmo_002,"Indirect compensations redirect purchase-linked activity into non-military sectors, which is expected to stimulate broader domestic economic activity.",1
11_offsets_in_belgium_between_scylla_and_charybdis_pdf__cmo_003,"Because additionality is difficult to measure and work may be re-labeled or low quality, credited projects do not reliably represent new economic activity.",2
11_offsets_in_belgium_between_scylla_and_charybdis_pdf__cmo_004,Offset-linked work and partly foreign-financed investments provide access to specialized production and know-how that would otherwise be unaffordable.,0
11_offsets_in_belgium_between_scylla_and_charybdis_pdf__cmo_005,"By creating concentrated local benefits for the military, politicians, and firms, offsets generate supportive coalitions that reduce political resistance to procurement.",1
11_offsets_in_belgium_between_scylla_and_charybdis_pdf__cmo_006,"Suppliers pass on offset-related administrative and production costs through higher negotiated prices, weakening market discipline.",11
11_offsets_in_belgium_between_scylla_and_charybdis_pdf__cmo_007,Financing infrastructure for short runs creates sunk costs and excess capacity that cannot be efficiently utilized once the offset work ends.,-1
11_offsets_in_belgium_between_scylla_and_charybdis_pdf__cmo_008,Unpredictable timing disrupts planning for replacement and upgrade investment flows and repeatedly forces organizations to restart learning and marketing efforts.,-1
11_offsets_in_belgium_between_scylla_and_charybdis_pdf__cmo_009,"Once the foreign supplier fulfills its obligations, subcontracting benefits end, preventing accumulation of sustained industrial collaboration.",-1
11_offsets_in_belgium_between_scylla_and_charybdis_pdf__cmo_010,"Firms lobby for continued protections and contract steering, which entrenches overcapacity and delays managerial reforms.",-1
11_offsets_in_belgium_between_scylla_and_charybdis_pdf__cmo_011,"If procurement occurs late, offset arrangements focus on subcontracting rather than integrating the buyer into earlier R&D collaboration.",-1
11_offsets_in_belgium_between_scylla_and_charybdis_pdf__cmo_012,"Through pre-compensations (offset banking credits), suppliers count normal trade flows as offsets against future obligations.",2
11_offsets_in_belgium_between_scylla_and_charybdis_pdf__cmo_013,"Suppliers incur offset-related overhead and transfer costs that are priced into the contract, while buyers accept higher prices as an investment.",-1
11_offsets_in_belgium_between_scylla_and_charybdis_pdf__cmo_014,"Regional quota politics require explicit partitioning of offset work, steering allocations to satisfy rent-seeking groups rather than industrial coherence.",8
11_offsets_in_belgium_between_scylla_and_charybdis_pdf__cmo_015,Replacing offsets with participation in structural international industrial cooperation shifts incentives toward long-term centers of excellence and niche specialization.,-1
11_offsets_in_belgium_between_scylla_and_charybdis_pdf__cmo_016,"By subsidizing uncompetitive enterprises and steering work non-competitively, offsets inhibit or distort European defense-industrial restructuring.",-1
11_offsets_in_belgium_between_scylla_and_charybdis_pdf__cmo_017,"By limiting offsets to tie-break situations (equivalent tenders) and capping their weight, decision-makers reduce reliance on compensations while preserving a political compromise.",-1
11_offsets_in_belgium_between_scylla_and_charybdis_pdf__cmo_018,"Offsets provide short-run contract work but reduce incentives and pathways for sustained international industrial cooperation, increasing vulnerability to external restructuring.",-1
12_the_defense_industry_in_poland_an_offsets_based_revival_pdf__cmo_001,Familiarity with countertrade and bundling makes actors more willing and able to operate in compensatory arrangements and navigate opaque deal structures.,9
12_the_defense_industry_in_poland_an_offsets_based_revival_pdf__cmo_002,Interoperability requirements drive import of Western systems and motivate use of offsets to link acquisitions to domestic supply-chain transformation.,7
12_the_defense_industry_in_poland_an_offsets_based_revival_pdf__cmo_003,"By requiring compensatory transactions (local production, countertrade, bundling), the state conditions access to procurement contracts on delivering industrial work and technology-related benefits.",7
12_the_defense_industry_in_poland_an_offsets_based_revival_pdf__cmo_004,Mandatory 100% offsets and a 50% direct-offset requirement force suppliers to structure deals around local production/content rather than purely financial or indirect benefits.,2
12_the_defense_industry_in_poland_an_offsets_based_revival_pdf__cmo_005,"By applying multipliers (including exceptionally high ones), policymakers can inflate credited offset value beyond underlying transaction costs, enabling “headline” offset totals.",3
12_the_defense_industry_in_poland_an_offsets_based_revival_pdf__cmo_006,Non-terminable agreements and liquidated damages (up to 100% of outstanding obligations) raise expected costs of non-compliance and are intended to enforce delivery.,2
12_the_defense_industry_in_poland_an_offsets_based_revival_pdf__cmo_007,Exemptions from disclosure and appeal requirements reduce oversight and make it easier to structure offsetting arrangements without full public scrutiny.,10
12_the_defense_industry_in_poland_an_offsets_based_revival_pdf__cmo_008,Requirements for local partners or licensed importers push suppliers to establish or use domestic intermediaries and industrial ties in-country.,4
12_the_defense_industry_in_poland_an_offsets_based_revival_pdf__cmo_009,Parallel bargaining and the option to specify projects allow the buyer to attempt to reduce ambiguity and lock suppliers into concrete deliverables.,-1
12_the_defense_industry_in_poland_an_offsets_based_revival_pdf__cmo_010,"Because credited value is set to reflect value to the economy rather than actual provision costs, administrative crediting can decouple “credit” from real effort.",2
12_the_defense_industry_in_poland_an_offsets_based_revival_pdf__cmo_011,"By channeling projects and orders to domestic recipients (and tying them to technology transfer/training), offsets are expected to build competencies and integrate firms into allied division of labor.",0
12_the_defense_industry_in_poland_an_offsets_based_revival_pdf__cmo_012,"Multipliers and differing valuation conventions enable large gaps between “nominal,” “net,” and “gross” reported offset values, complicating verification.",3
12_the_defense_industry_in_poland_an_offsets_based_revival_pdf__cmo_013,"By insisting on specific offset projects and obligations rather than an open agreement, Poland attempts to lock in hard commitments and reduce supplier discretion.",-1
12_the_defense_industry_in_poland_an_offsets_based_revival_pdf__cmo_014,Negotiation constraints and valuation choices can yield offset packages that diverge from statutory composition targets.,9
12_the_defense_industry_in_poland_an_offsets_based_revival_pdf__cmo_015,"Low liquidated-damages rates reduce the expected cost of non-performance, making it rational for a supplier to pay penalties instead of fully discharging obligations in some cases.",2
12_the_defense_industry_in_poland_an_offsets_based_revival_pdf__cmo_016,"By requiring buyback and local sourcing, offsets redirect procurement-related spending toward domestic suppliers (including subsidiaries) and expand a local industrial footprint.",7
12_the_defense_industry_in_poland_an_offsets_based_revival_pdf__cmo_017,"Technology transfer, worker training, assembly/part-manufacture, and eventual transfer of the production line enable progressive localization (“polonization”) of production.",-1
12_the_defense_industry_in_poland_an_offsets_based_revival_pdf__cmo_018,Offset obligations can compel sellers to accept unrelated technology projects and to purchase commodities from the buyer as part of the deal.,-1
12_the_defense_industry_in_poland_an_offsets_based_revival_pdf__cmo_019,"Treating direct offsets as tariff-like protection provides demand and time for restructuring, while specificity and scrutiny aim to narrow promise-delivery gaps.",3
12_the_defense_industry_in_poland_an_offsets_based_revival_pdf__cmo_020,"When domestic orders are small and volatile and export markets are limited, offset-driven investments struggle to maintain production runs and skills over time.",-1
13_offsets_and_the_development_of_the_brazilian_arms_industry_pdf__cmo_001,"By using licensed production, coproduction, and joint ventures as direct-offset style channels, Brazil acquires military technology from industrialized countries and builds domestic production capability.",-1
13_offsets_and_the_development_of_the_brazilian_arms_industry_pdf__cmo_002,"By making technology transfer a procurement requirement, Brazil steers suppliers toward delivering know-how, training, and process upgrades instead of only economic side-payments.",-1
13_offsets_and_the_development_of_the_brazilian_arms_industry_pdf__cmo_003,"A strong R&D and human-capital base increases absorptive capacity, allowing foreign technology transfer via procurement to be internalized and extended domestically.",-1
13_offsets_and_the_development_of_the_brazilian_arms_industry_pdf__cmo_004,"Joint ventures between foreign firms and local companies transmit technology, capital, and know-how through sustained interaction and personnel exchange.",4
13_offsets_and_the_development_of_the_brazilian_arms_industry_pdf__cmo_005,"Because domestic demand is insufficient to sustain large production runs, firms rely on exports to keep lines viable and recoup investments made to absorb foreign technology.",6
13_offsets_and_the_development_of_the_brazilian_arms_industry_pdf__cmo_006,"Loss of key customers and reduced attractiveness of less sophisticated systems depress demand, cutting cashflow that sustained firms and the learning/production base.",6
13_offsets_and_the_development_of_the_brazilian_arms_industry_pdf__cmo_007,"When external political and security alignments shift, prospective buyers may abandon planned purchases, leaving sunk development costs unrecovered.",5
13_offsets_and_the_development_of_the_brazilian_arms_industry_pdf__cmo_008,"When military demand and state support decline, firms with a viable civil product line can pivot resources and revenues to preserve industrial and human-capital capability.",1
13_offsets_and_the_development_of_the_brazilian_arms_industry_pdf__cmo_009,Conditioning imports on technology transfer creates repeated user/supplier interactions and training that accelerates domestic learning-by-doing.,0
13_offsets_and_the_development_of_the_brazilian_arms_industry_pdf__cmo_010,Codifying offsets with explicit technology and quality objectives aligns procurement negotiations around modernization of production methods and acquisition of new technologies.,-1
13_offsets_and_the_development_of_the_brazilian_arms_industry_pdf__cmo_011,Flexible negotiation norms allow offset packages to be tailored to domestic technological capacity and workforce-cost considerations rather than meeting a rigid ratio.,9
13_offsets_and_the_development_of_the_brazilian_arms_industry_pdf__cmo_012,A cross-service 100% offset rule increases bargaining leverage by making full compensation a standard condition of market access for major deals.,9
13_offsets_and_the_development_of_the_brazilian_arms_industry_pdf__cmo_013,On-site foreign specialists and overseas training transfer tacit production knowledge and engineering skills to domestic staff.,-1
13_offsets_and_the_development_of_the_brazilian_arms_industry_pdf__cmo_014,Component production for imported platforms and associated technical training embed supplier standards and engineering practices in domestic firms.,-1
13_offsets_and_the_development_of_the_brazilian_arms_industry_pdf__cmo_015,"By concentrating on key technologies (e.g., fuselage and systems integration) and importing other components, firms can build autonomy in high-value areas while avoiding inefficient local production.",4
13_offsets_and_the_development_of_the_brazilian_arms_industry_pdf__cmo_016,"Collaborative design and production transfer advanced competencies, but without export demand, unit costs rise and commercial viability suffers.",-1
13_offsets_and_the_development_of_the_brazilian_arms_industry_pdf__cmo_017,"Creating domestic entities responsible for software development, technology absorption, and training increases national autonomy over operation and evolution of complex systems.",4
13_offsets_and_the_development_of_the_brazilian_arms_industry_pdf__cmo_018,"Multipliers raise credited value for higher-priority activities (technology transfer, training, licensing/copro) and thereby steer supplier effort toward capability-building deliverables.",2
13_offsets_and_the_development_of_the_brazilian_arms_industry_pdf__cmo_019,Requiring trade-compensation reinvestment and technology transfer for software maintenance increases buyer control over sustainment and upgrades.,-1
13_offsets_and_the_development_of_the_brazilian_arms_industry_pdf__cmo_020,"If a supplier is unwilling to transfer advanced technology (e.g., software source code), it cannot meet the buyer’s autonomy-focused offset conditions.",-1
13_offsets_and_the_development_of_the_brazilian_arms_industry_pdf__cmo_021,"When domestic orders are very small, fixed costs of local assembly cannot be spread, making local production economically unviable unless export orders materialize.",6
13_offsets_and_the_development_of_the_brazilian_arms_industry_pdf__cmo_022,"When licensing focuses on assembly of imported kits and local engineering investment is limited, technology absorption stalls even if the enterprise remains commercially active.",-1
13_offsets_and_the_development_of_the_brazilian_arms_industry_pdf__cmo_023,"Collaboration and personnel exchange can build indigenous capability, but project complexity and lack of export orders drive cost inflation and delays.",-1
14_the_argentine_defense_industry_an_evaluation_pdf__cmo_001,"As weapon unit costs grow faster than fiscal capacity, procurement quantities shrink, reducing production runs and undermining the scale economies needed for domestic defense production.",1
14_the_argentine_defense_industry_an_evaluation_pdf__cmo_002,"The need to match modern adversary capabilities pushes buyers toward expensive modern systems, while small-scale domestic production cannot compete on cost, forcing reliance on imports or niche/obsolete production.",6
14_the_argentine_defense_industry_an_evaluation_pdf__cmo_003,"When fiscal space tightens, subsidies and sustained demand fall, preventing “infant” defense industries from maturing into commercially viable enterprises.",1
14_the_argentine_defense_industry_an_evaluation_pdf__cmo_004,Selling or conceding defense-industrial assets provides short-term fiscal relief and shifts operational responsibilities to private actors.,1
14_the_argentine_defense_industry_an_evaluation_pdf__cmo_005,A concession contract provides revenue and work packages to sustain a domestic maintenance/upgrade facility even when new indigenous production is not viable.,7
14_the_argentine_defense_industry_an_evaluation_pdf__cmo_006,"Currency devaluation reduces the real (USD-equivalent) value of government payments, increasing contract risk and prompting renegotiation or exit threats.",5
14_the_argentine_defense_industry_an_evaluation_pdf__cmo_007,Limited spare-parts guarantees reduce confidence in long-term supportability for potential external customers.,6
14_the_argentine_defense_industry_an_evaluation_pdf__cmo_008,"Loss of specialized human capital reduces production quality, R&D capability, and credibility with prospective export customers.",-1
14_the_argentine_defense_industry_an_evaluation_pdf__cmo_009,"Without large orders, average unit costs remain high; exports are required to reach break-even quantities, but market and credibility constraints impede exports.",6
14_the_argentine_defense_industry_an_evaluation_pdf__cmo_010,"Very small fleet size raises unit costs and creates uncertainty about long-term spare parts supply, discouraging buyers and undermining sustainment economics.",6
14_the_argentine_defense_industry_an_evaluation_pdf__cmo_011,"Without regional coordination, Argentina cannot pool demand or harmonize support arrangements needed to achieve economies of scale.",6
14_the_argentine_defense_industry_an_evaluation_pdf__cmo_012,"A knowledgeable negotiating team can secure more favorable, capability-relevant terms and reduce asymmetric-information risks in offset contracting.",9
14_the_argentine_defense_industry_an_evaluation_pdf__cmo_013,Overambitious autonomy goals can misallocate resources; accepting partial technological dependence while negotiating for targeted transfer reduces unrealistic expectations.,3
15_the_role_of_offsets_in_indian_defense_procurement_policy_pdf__cmo_001,"By routinely embedding licensed production, technology transfer, countertrade/barter, and long-term credit into procurement, India uses procurement-linked resources to build domestic capability and manage foreign exchange constraints.",7
15_the_role_of_offsets_in_indian_defense_procurement_policy_pdf__cmo_002,"By offering long-term, low-interest credit and accepting rupee-based countertrade, the Soviet supplier reduces India’s immediate hard-currency constraint, making acquisitions financially feasible.",-1
15_the_role_of_offsets_in_indian_defense_procurement_policy_pdf__cmo_003,"Reliance on imported components and difficulties in absorbing licensed technology generate delays and cost overruns, and can raise foreign-exchange spending above off-the-shelf import costs.",7
15_the_role_of_offsets_in_indian_defense_procurement_policy_pdf__cmo_004,"Even when early licensed production is inefficient, sustained production and learning-by-doing can build a technical base that improves later absorption of more advanced technologies.",0
15_the_role_of_offsets_in_indian_defense_procurement_policy_pdf__cmo_005,"Licensed production and incremental technology transfer build production competence for mid-level systems and components, but do not automatically close frontier technology gaps.",0
15_the_role_of_offsets_in_indian_defense_procurement_policy_pdf__cmo_006,"By withholding core technologies, limiting exports, and charging extra for uncovered transfers, the supplier retains leverage and constrains the buyer’s independent capability development.",-1
15_the_role_of_offsets_in_indian_defense_procurement_policy_pdf__cmo_007,"When domestic producers cannot meet cost/lead-time expectations, buyback obligations are unattractive to sellers and fail to generate sustained export-linked production.",6
15_the_role_of_offsets_in_indian_defense_procurement_policy_pdf__cmo_008,"Growing indigenous capacity improves the buyer’s bargaining leverage in new negotiations, enabling demands for more advanced transfers.",7
15_the_role_of_offsets_in_indian_defense_procurement_policy_pdf__cmo_009,Easy access to relatively inexpensive imported systems reduces incentives to invest in indigenous R&D and to accept the risks and costs of domestic development.,7
15_the_role_of_offsets_in_indian_defense_procurement_policy_pdf__cmo_010,"Supplier-provided credit can be priced into higher selling prices or structured as subsidies to the exporting firm, reducing value-for-money and increasing failure risk.",-1
15_the_role_of_offsets_in_indian_defense_procurement_policy_pdf__cmo_011,"By paying for imports through commodities and rupee trade, India expands and diversifies exports and obtains inputs/capital goods without immediate hard-currency outlays.",7
15_the_role_of_offsets_in_indian_defense_procurement_policy_pdf__cmo_012,"If exchange rates are unfavorable or exports are diverted from hard-currency markets, countertrade imposes hidden costs that accumulate as debt and repayment burdens.",5
15_the_role_of_offsets_in_indian_defense_procurement_policy_pdf__cmo_013,"Growing domestic defense industry activity increases demand for imported materials and inputs, raising foreign exchange requirements even when some offsets reduce direct-import FX needs.",1
15_the_role_of_offsets_in_indian_defense_procurement_policy_pdf__cmo_014,"Easy credit availability encourages approval of larger procurement volumes, which can create persistent debt-service and resource-diversion burdens over time.",2
15_the_role_of_offsets_in_indian_defense_procurement_policy_pdf__cmo_015,"Corruption scandals undermine political legitimacy and contract continuity, leading to abandonment of technology-transfer and offset components.",10
15_the_role_of_offsets_in_indian_defense_procurement_policy_pdf__cmo_016,"Technology-assistance offsets can be designed to support domestic development (e.g., LCA, indigenous carrier) by transferring relevant know-how, but value can be undermined by overpricing or limited implementation.",0
15_the_role_of_offsets_in_indian_defense_procurement_policy_pdf__cmo_017,Integrating offsets with diversification of defense-based industries and indigenous R&D can align procurement incentives and reduce debt and foreign-exchange burdens over time.,-1
16_offset_policies_and_trends_in_japan_south_korea_and_taiwan_pdf__cmo_001,"By offering offsets (including technology transfer and production arrangements) as inducements in defense sales, the US reinforces alliance ties and supports interoperability and extended production.",1
16_offset_policies_and_trends_in_japan_south_korea_and_taiwan_pdf__cmo_002,Technology transfers and production offsets provide recipients with know-how and work share that can enable domestic substitutes and spillovers into commercial industry.,0
16_offset_policies_and_trends_in_japan_south_korea_and_taiwan_pdf__cmo_003,"Multinational programs seek allied “buy in” at design and development stages, replacing post-production offsets with pre-production work share and technology transfer agreements.",4
16_offset_policies_and_trends_in_japan_south_korea_and_taiwan_pdf__cmo_004,"International partnering, joint development, and risk sharing integrate allies into programs and standards earlier, creating interoperability without relying on post-sale compensation.",12
16_offset_policies_and_trends_in_japan_south_korea_and_taiwan_pdf__cmo_005,"Japan instead pursues extensive technology transfers and licensed local production from the US, which function similarly to offsets by delivering industrial and political benefits.",-1
16_offset_policies_and_trends_in_japan_south_korea_and_taiwan_pdf__cmo_006,"By ranking domestic procurement first and licensed local production second, Japan channels demand and learning into domestic firms, maintaining production/technology capability.",-1
16_offset_policies_and_trends_in_japan_south_korea_and_taiwan_pdf__cmo_007,Maintaining an advanced domestic production base supports sustainment (operating ratio and sustainability) and provides negotiating leverage when introducing equipment from abroad.,4
16_offset_policies_and_trends_in_japan_south_korea_and_taiwan_pdf__cmo_008,"Reduced demand and fewer technology inflows lower capacity utilization and make self-sufficiency unattainable, turning domestic industry into a cost burden.",6
16_offset_policies_and_trends_in_japan_south_korea_and_taiwan_pdf__cmo_009,Policy constraints limit the formation of cross-national industrial alliances and restrict access to multinational work share models.,12
16_offset_policies_and_trends_in_japan_south_korea_and_taiwan_pdf__cmo_010,"If Japan pursues domestic programs primarily for kokusanka and bargaining leverage, it may reduce its ability to buy into multinational workshare models and receive offset-like benefits.",-1
16_offset_policies_and_trends_in_japan_south_korea_and_taiwan_pdf__cmo_011,US calls for greater self-reliance and loosened export restrictions increase access to technology transfers and work share agreements that build domestic capability.,0
16_offset_policies_and_trends_in_japan_south_korea_and_taiwan_pdf__cmo_012,High offset percentages and preference for technology transfers/domestic production force foreign suppliers to provide industrial participation and technology inputs to compete.,-1
16_offset_policies_and_trends_in_japan_south_korea_and_taiwan_pdf__cmo_013,The threat of banning contractors from future competitions increases incentives to fulfill offset obligations.,-1
16_offset_policies_and_trends_in_japan_south_korea_and_taiwan_pdf__cmo_014,"By maintaining financial/budgetary leadership and embedding technology transfers from foreign suppliers, Korea builds domestic manufacturing and integration capability while preserving export flexibility.",-1
16_offset_policies_and_trends_in_japan_south_korea_and_taiwan_pdf__cmo_015,"Raising offset requirements and leveraging diversified supplier competition pressures bidders to increase offset offerings, but incomplete information and corruption allegations can distort decisions.",11
16_offset_policies_and_trends_in_japan_south_korea_and_taiwan_pdf__cmo_016,"When production is concentrated and capacity is underutilized, technology transfers diffuse poorly, multiplier effects are minimized, and dependence on foreign spares/maintenance persists.",6
16_offset_policies_and_trends_in_japan_south_korea_and_taiwan_pdf__cmo_017,"Consolidation and joint ventures increase efficiency and provide access to foreign capital, technology inputs, and global market reach.",4
16_offset_policies_and_trends_in_japan_south_korea_and_taiwan_pdf__cmo_018,"Offsets and arms sales reinforce political and alliance-building signals, which Taiwan values as assurance of ongoing US security commitment.",1
16_offset_policies_and_trends_in_japan_south_korea_and_taiwan_pdf__cmo_019,Coordinated offset procedures and targeted technology inputs steer industrial cooperation toward selected sectors rather than comprehensive self-sufficiency.,-1
16_offset_policies_and_trends_in_japan_south_korea_and_taiwan_pdf__cmo_020,Political constraints limit the depth of technology transfer and can result in systems with restricted capabilities relative to Taiwan’s needs.,0
16_offset_policies_and_trends_in_japan_south_korea_and_taiwan_pdf__cmo_021,Offset agreements can establish domestic and regional maintenance/repair infrastructure and generate sizable industrial contracts tied to procurement.,-1
16_offset_policies_and_trends_in_japan_south_korea_and_taiwan_pdf__cmo_022,Limited program-management capacity and weak diffusion pathways reduce multiplier effects of offsets and limit broad-based industrial gains.,-1
16_offset_policies_and_trends_in_japan_south_korea_and_taiwan_pdf__cmo_023,"As long as these drivers remain, contracts continue to incorporate technology transfers and work share features, whether as traditional offsets or pre-production sharing.",0
16_offset_policies_and_trends_in_japan_south_korea_and_taiwan_pdf__cmo_024,Rigid domestic-first strategies can impede creative alliances and reduce the flow of imported technologies through globalized program structures.,4
17_offsets_and_defense_industrialization_in_indonesia_and_singapore_pdf__cmo_001,"By conditioning arms purchases on licensed production, coproduction, and technology transfer, offsets provide foreign technical inputs that shorten the learning timeline.",0
17_offsets_and_defense_industrialization_in_indonesia_and_singapore_pdf__cmo_002,Different national objectives shape offset selection (broad industrialization vs targeted technology transfer for maintenance/upgrade capability).,-1
17_offsets_and_defense_industrialization_in_indonesia_and_singapore_pdf__cmo_003,"State-owned “strategic enterprises” created in key sectors use offsets and state backing to build domestic technology, skills, and infrastructure.",13
17_offsets_and_defense_industrialization_in_indonesia_and_singapore_pdf__cmo_004,"By explicitly using offsets to acquire research, design, and manufacturing expertise, IPTN attempts to compress the timeline for “mastery” of aviation technology.",0
17_offsets_and_defense_industrialization_in_indonesia_and_singapore_pdf__cmo_005,Starting from “the end of a process” (final assembly) and working backward to component manufacturing enables learning-by-doing and gradual deepening of domestic production content.,0
17_offsets_and_defense_industrialization_in_indonesia_and_singapore_pdf__cmo_006,Licensed production and subcontracting allow workforce skill accumulation and gradual expansion of indigenous manufacturing responsibilities.,0
17_offsets_and_defense_industrialization_in_indonesia_and_singapore_pdf__cmo_007,A joint venture co-development program transfers design and production know-how while creating an exportable product with shared workshare.,-1
17_offsets_and_defense_industrialization_in_indonesia_and_singapore_pdf__cmo_008,"Indigenous design efforts can build higher-level capability, but continued reliance on foreign components constrains autonomy and increases program risk.",0
17_offsets_and_defense_industrialization_in_indonesia_and_singapore_pdf__cmo_009,Guaranteed demand and subsidized investment expand production scale and workforce even when products do not match user needs.,6
17_offsets_and_defense_industrialization_in_indonesia_and_singapore_pdf__cmo_010,"When subsidies shield firms from market discipline, excess capacity and overstaffing persist and accumulate debt, reducing commercial viability.",-1
17_offsets_and_defense_industrialization_in_indonesia_and_singapore_pdf__cmo_011,"Failure to obtain FAA certification blocks overseas marketing and export orders, cutting revenue needed to sustain production and development.",-1
17_offsets_and_defense_industrialization_in_indonesia_and_singapore_pdf__cmo_012,"External conditionality cuts off subsidies, forcing restructuring, layoffs, and suspension of ambitious indigenous programs reliant on continued funding.",-1
17_offsets_and_defense_industrialization_in_indonesia_and_singapore_pdf__cmo_013,"By using offsets selectively for technology transfer and training that support maintenance, repair, and upgrades, Singapore builds readiness-relevant capabilities without pursuing comprehensive autarky.",0
17_offsets_and_defense_industrialization_in_indonesia_and_singapore_pdf__cmo_014,Requiring technology transfer and training within ICPs steers procurement toward building local maintenance and upgrade competencies.,0
17_offsets_and_defense_industrialization_in_indonesia_and_singapore_pdf__cmo_015,"Collaboration with foreign firms on specialized repair/manufacturing (e.g., turbine blade overhaul) builds domestic capabilities that support aircraft and submarine sustainment.",4
17_offsets_and_defense_industrialization_in_indonesia_and_singapore_pdf__cmo_016,Licensed production in chosen domains provides experience that can be leveraged into indigenous design and subsequent domestic production.,0
17_offsets_and_defense_industrialization_in_indonesia_and_singapore_pdf__cmo_017,"For certain complex platforms, Singapore continues to rely on licensed production rather than indigenous design, reflecting scale and competitiveness constraints.",0
17_offsets_and_defense_industrialization_in_indonesia_and_singapore_pdf__cmo_018,"By concentrating on areas with comparative strengths and avoiding sectors deemed non-viable, Singapore maintains limited but competitive capabilities while foregoing autarky.",-1
17_offsets_and_defense_industrialization_in_indonesia_and_singapore_pdf__cmo_019,"Commercial subcontracting and global MRO activities diversify revenue sources, stabilizing the defense-industrial base beyond offsets or captive domestic demand.",-1
17_offsets_and_defense_industrialization_in_indonesia_and_singapore_pdf__cmo_020,"Co-development alliances, joint ventures, and overseas acquisitions keep domestic industry open to foreign technology and capital and allow specialization in global supply chains.",4
18_defense_offsets_in_australia_and_new_zealand_pdf__cmo_001,"Mandating offset obligations and tracking acquittals creates stronger compliance incentives and clearer reporting, even though compliance may not equal net benefit.",10
18_defense_offsets_in_australia_and_new_zealand_pdf__cmo_002,A fixed percentage obligation tied to imported content creates a predictable compliance target and shapes contractor planning toward eligible offset activities.,2
18_defense_offsets_in_australia_and_new_zealand_pdf__cmo_003,"Eligibility criteria plus multipliers steer suppliers toward higher-valued activities (e.g., R&D and training) by making them “count” more toward obligations.",2
18_defense_offsets_in_australia_and_new_zealand_pdf__cmo_004,"Project Deeds, Credit Deeds, and liquidated damages create enforceable commitments and rewards for longer-term programs, increasing follow-through on planned activity.",2
18_defense_offsets_in_australia_and_new_zealand_pdf__cmo_005,"Targeting offsets to maintenance, adaptation, munitions, spares, and long-term technologies concentrates effort on capabilities tied to self-reliance; abandoning ill-focused offsets shifts capability-building to more specific contract provisions.",-1
18_defense_offsets_in_australia_and_new_zealand_pdf__cmo_006,Requiring demonstrated independence through exports pressures foreign-owned subsidiaries to develop export activity as evidence of substantive local commitment.,4
18_defense_offsets_in_australia_and_new_zealand_pdf__cmo_007,Requiring tenderers to identify local capability and submit AII plans that foster partnerships encourages structured prime–subcontractor relationships and visible opportunity creation.,12
18_defense_offsets_in_australia_and_new_zealand_pdf__cmo_008,"Competitive tendering under thin and uneven demand can create excess capacity and high transaction costs, undermining suppliers’ ability to invest for long-term capability.",-1
18_defense_offsets_in_australia_and_new_zealand_pdf__cmo_009,"When local content is not feasible, substituting SIDA activities (R&D, exports, technology transfer, training, infrastructure) attempts to deliver capability gains through alternative investments that may carry cost premiums.",-1
18_defense_offsets_in_australia_and_new_zealand_pdf__cmo_010,"Concentrating demand into long-term sectoral plans and working with fewer, larger primes enables outsourcing of lower-tier oversight and may stabilize workloads.",-1
18_defense_offsets_in_australia_and_new_zealand_pdf__cmo_011,"When a local prime controls compliance and subcontracting access, it can use market power to extract rents and reinforce dominance rather than optimize national strategic outcomes.",-1
18_defense_offsets_in_australia_and_new_zealand_pdf__cmo_012,"Voluntary local participation offers, grounded in commercial practice and focused on niches, align procurement with what small local industries can competitively deliver.",-1
18_defense_offsets_in_australia_and_new_zealand_pdf__cmo_013,Encouraging suppliers to build commercial relationships with local firms creates pathways for sustained support and potential cost reductions over the equipment life cycle.,4
18_defense_offsets_in_australia_and_new_zealand_pdf__cmo_014,Assigning multipliers (value weights) to activities and embedding deliverables in contracts with liquidated damages increases compliance leverage while signalling which activities are most valued.,2
18_defense_offsets_in_australia_and_new_zealand_pdf__cmo_015,"Contractual undertakings to direct business (including maintenance capability, technology transfers, joint ventures, and exports support) create pathways to build local industrial capability.",4
18_defense_offsets_in_australia_and_new_zealand_pdf__cmo_016,A mandatory percentage obligation plus a minimum local value-added threshold shapes supplier choices toward genuinely local production/value-add rather than simple pass-through.,2
18_defense_offsets_in_australia_and_new_zealand_pdf__cmo_017,Allowing credits and waivers creates a flexible “bank and trade” system that encourages suppliers to exceed participation targets and aligns NZIP and offsets requirements.,-1
18_defense_offsets_in_australia_and_new_zealand_pdf__cmo_018,Treating Australian and New Zealand industry as a combined industrial base and subcontracting local content on a best-endeavors basis enables cross-border work allocation within a trusted partner group.,12
18_defense_offsets_in_australia_and_new_zealand_pdf__cmo_019,Shifting industry involvement from in-country production toward through-life support focuses limited domestic capacity on sustainment functions most relevant to readiness for imported systems.,4
18_defense_offsets_in_australia_and_new_zealand_pdf__cmo_020,"Partner status via an access fee and a competitiveness-based sourcing model excludes traditional offsets and limits participation to established, highly competitive firms, with reciprocal work emerging informally.",12
18_defense_offsets_in_australia_and_new_zealand_pdf__cmo_021,"Interoperability requirements narrow acceptable sourcing options toward US systems and programs, reinforcing a procurement path dependence toward US-led industrial participation models.",7
18_defense_offsets_in_australia_and_new_zealand_pdf__cmo_022,"Without agreed outcomes, outputs, or performance measures, monitoring data cannot be used to demonstrate whether policy is making progress toward its objectives.",10
18_defense_offsets_in_australia_and_new_zealand_pdf__cmo_023,"Even when obligations are acquitted, acquittal categories dominated by local content and countertrade do not automatically translate into defence or economy-wide gains without targeted assessment.",10
18_defense_offsets_in_australia_and_new_zealand_pdf__cmo_024,"Requiring local participation in assembly can add cost relative to alternative sourcing, creating a local-content premium.",-1
18_defense_offsets_in_australia_and_new_zealand_pdf__cmo_025,"When offsets are applied broadly across imports rather than targeted to specific capabilities, they become poorly focused; insisting on vague capability enhancement at no additional cost can undermine negotiations and deliver counterproductive results.",3
19_defense_industrial_participation_the_south_african_experience_pdf__cmo_001,Officials emphasized offsets as promised economic benefits to shift public and political reasoning toward acceptance of the arms purchase.,3
19_defense_industrial_participation_the_south_african_experience_pdf__cmo_002,"In a policy vacuum, firms reduce dependence on defence turnover by shifting to non-defence work and exports as a survival strategy.",1
19_defense_industrial_participation_the_south_african_experience_pdf__cmo_003,Defence industrial participation policy is used to steer limited resources toward niche firms and strategic logistic support capabilities rather than comprehensive autarky.,1
19_defense_industrial_participation_the_south_african_experience_pdf__cmo_004,"When prices are not fixed or comparable, monitoring compliance with “no price increase” requirements becomes difficult, increasing the risk of hidden price padding.",-1
19_defense_industrial_participation_the_south_african_experience_pdf__cmo_005,A quantified obligation (percent of imported content) plus a defined fulfillment window compels suppliers to design “credit-generating” projects to meet targets.,2
19_defense_industrial_participation_the_south_african_experience_pdf__cmo_006,Dividing management between Armscor and DTI can increase coordination burdens and monitoring complexity across defence and non-defence project streams.,1
19_defense_industrial_participation_the_south_african_experience_pdf__cmo_007,"If paying penalties is easier than delivering substantive participation, suppliers may renege and accept the financial cost rather than implement projects.",2
19_defense_industrial_participation_the_south_african_experience_pdf__cmo_008,"Using indirect offsets and investment commitments broadens the space for meeting obligations through non-defence projects, potentially diluting linkage to defence capability needs.",1
19_defense_industrial_participation_the_south_african_experience_pdf__cmo_009,Subcontracting and licensed production provide orders and learning-by-doing pathways that can help domestic firms build niche capabilities and credibility.,-1
19_defense_industrial_participation_the_south_african_experience_pdf__cmo_010,"When primes allocate relatively low-tech tasks, local participation may yield limited technology upgrading and weaker capability deepening.",4
19_defense_industrial_participation_the_south_african_experience_pdf__cmo_011,Equity purchases and joint ventures integrate local firms into multinational networks without necessarily expanding domestic production capacity via new plant investment.,4
19_defense_industrial_participation_the_south_african_experience_pdf__cmo_012,Local subsidiaries can leverage domestic relationships to influence government-to-government dealings in ways that benefit both parent firms and local units.,4
19_defense_industrial_participation_the_south_african_experience_pdf__cmo_013,"Capability erosion reduces suppliers’ ability to meet quality and schedule requirements, making primes less confident integrating local inputs.",4
19_defense_industrial_participation_the_south_african_experience_pdf__cmo_014,"When domestic firms perform work without sufficient capability, quality problems can emerge and delay platform delivery schedules.",-1
19_defense_industrial_participation_the_south_african_experience_pdf__cmo_015,"Existing technical capacity attracts joint ventures and technology transfer, enabling local firms to integrate into multinational supply chains and potentially expand exports.",4
19_defense_industrial_participation_the_south_african_experience_pdf__cmo_016,"Capital- and skill-intensive offset activities generate relatively few jobs per unit of spending, driving up cost per job.",8
19_defense_industrial_participation_the_south_african_experience_pdf__cmo_017,Opportunity costs mean that allocating large budgets to arms with offsets can reduce the number of jobs created relative to alternative civilian spending.,1
19_defense_industrial_participation_the_south_african_experience_pdf__cmo_018,"When offsets are used to “direct” investment toward selected sectors/regions, projects may be chosen for political fit rather than commercial viability, increasing failure risk.",8
19_defense_industrial_participation_the_south_african_experience_pdf__cmo_019,"Without reliable data and transparency, analysts cannot quantify net benefits or verify claims about jobs and investment delivery.",10
19_defense_industrial_participation_the_south_african_experience_pdf__cmo_020,"Without high local technological absorptive capacity and supportive civil-military science and technology strategy, offsets struggle to embed and extend technology transfers.",1
19_defense_industrial_participation_the_south_african_experience_pdf__cmo_021,"Secrecy and commission-driven bargaining create corruption vulnerabilities that trigger investigations and political instability, imposing governance costs.",10
19_defense_industrial_participation_the_south_african_experience_pdf__cmo_022,"Formal investigations can clear some accusations while still identifying irregular practices and conflicts of interest, leading to personnel consequences.",10
19_defense_industrial_participation_the_south_african_experience_pdf__cmo_023,"When the executive treats earlier strategic-policy approval as equivalent to procurement approval, accountability and scrutiny of major purchases can be reduced.",3
19_defense_industrial_participation_the_south_african_experience_pdf__cmo_024,"When offset promises are uncertain and hard to verify, governments may be left with high costs and limited, unproven benefits, motivating calls to reorient development strategy.",8
20_defense_offsets_and_regional_development_in_south_africa_pdf__cmo_001,"When agencies lack coherent, time-consistent criteria for selecting and spatially allocating projects, offsets are less likely to reinforce integrated regional development.",8
20_defense_offsets_and_regional_development_in_south_africa_pdf__cmo_002,"When comprehensive planning frameworks are not implemented, regional development policy defaults to narrower corridor/zone approaches that offsets are then asked to complement.",8
20_defense_offsets_and_regional_development_in_south_africa_pdf__cmo_003,"Promoters emphasize job creation and investment narratives to legitimize offsets as development tools, even as the job-creation emphasis later weakens.",8
20_defense_offsets_and_regional_development_in_south_africa_pdf__cmo_004,"Joint administration across agencies requires sustained coordination and information sharing, affecting how projects are identified, credited, and monitored.",-1
20_defense_offsets_and_regional_development_in_south_africa_pdf__cmo_005,A high required offset percentage increases supplier effort to maximize creditable projects and diversify investment offerings.,2
20_defense_offsets_and_regional_development_in_south_africa_pdf__cmo_006,Ongoing negotiation and re-scoping allows obligators and agencies to adjust project lists to meet credits and feasibility constraints over time.,-1
20_defense_offsets_and_regional_development_in_south_africa_pdf__cmo_007,"Without rigorous evaluation, headline export/return estimates can overstate substantive value-added and downstream linkages.",3
20_defense_offsets_and_regional_development_in_south_africa_pdf__cmo_008,"Weak linkages and limited technology diffusion mean offsets provide limited “injection” to regional development, with benefits mostly as spin-offs.",8
20_defense_offsets_and_regional_development_in_south_africa_pdf__cmo_009,"DIP-linked orders can act as a lifeline for defence firms, while broader procurement and supply-chain dynamics can still constrain independent defence-industrial ambitions.",1
20_defense_offsets_and_regional_development_in_south_africa_pdf__cmo_010,Channeling DIP business to existing defence-firm locations concentrates benefits where capacity already exists and leaves peripheral regions with little to no benefit.,1
20_defense_offsets_and_regional_development_in_south_africa_pdf__cmo_011,“Technologically sophisticated conservatism” and limited social/intellectual capital densification reduce the likelihood that offsets embed and extend technology transfers.,-1
20_defense_offsets_and_regional_development_in_south_africa_pdf__cmo_012,"When procurement choices overlook local capabilities, opportunities for domestic capability utilization and spin-off conversion are reduced.",-1
20_defense_offsets_and_regional_development_in_south_africa_pdf__cmo_013,"When there is insufficient pressure to target marginal locations, vendors default to more familiar or commercially convenient regions and sectors.",8
20_defense_offsets_and_regional_development_in_south_africa_pdf__cmo_014,Credit-maximizing “shrewd investments” can make interventions appear larger in reports than their on-the-ground developmental impact.,2
20_defense_offsets_and_regional_development_in_south_africa_pdf__cmo_015,"Targeted soft loans and equity investments provide liquidity and capital enabling firm survival, facility expansion, and market growth.",-1
20_defense_offsets_and_regional_development_in_south_africa_pdf__cmo_016,"When vendors choose projects that fit established sectoral strengths and infrastructures, offsets reinforce existing geographic and industrial patterns rather than diversify peripheral economies.",8
20_defense_offsets_and_regional_development_in_south_africa_pdf__cmo_017,"Promised regional industrial participation benefits (e.g., Ferrostaal steel projects) can act as decisive inducements in selecting higher-priced bids.",7
20_defense_offsets_and_regional_development_in_south_africa_pdf__cmo_018,Offsets deliverables create political and bureaucratic reasons to sustain and expand large regional projects even when commercial fundamentals weaken.,8
20_defense_offsets_and_regional_development_in_south_africa_pdf__cmo_019,"Large, capital-intensive IDZ projects require substantial additional state investment and incentives, creating hidden costs that are often excluded from official offset assessments.",8
20_defense_offsets_and_regional_development_in_south_africa_pdf__cmo_020,"When offsets are not directed into shipbuilding proper, local shipbuilding capability and accumulated expertise can erode, despite related activity in repair.",-1
20_defense_offsets_and_regional_development_in_south_africa_pdf__cmo_021,Seeing peers achieve licensed assembly can raise expectations and highlight domestic opportunity costs when local participation is limited.,-1
20_defense_offsets_and_regional_development_in_south_africa_pdf__cmo_022,More diverse input requirements in shipbuilding create larger local employment multipliers than ship repair.,0
20_defense_offsets_and_regional_development_in_south_africa_pdf__cmo_023,"Without integration between offset offerings and downstream industrial strategies, potential beneficiation and job-creation synergies are missed.",0
20_defense_offsets_and_regional_development_in_south_africa_pdf__cmo_024,"Converting equipment for specialty work can expand niche capacity while reducing capability for traditional bulk output, creating internal tradeoffs.",6
20_defense_offsets_and_regional_development_in_south_africa_pdf__cmo_025,"If the whole product value can be claimed as export credit, vendors can inflate credited performance relative to actual local value-added.",-1
20_defense_offsets_and_regional_development_in_south_africa_pdf__cmo_026,"When projects are not clearly additional to the offset deal, attributing outcomes to offsets becomes problematic and encourages narrative-driven reporting.",3
20_defense_offsets_and_regional_development_in_south_africa_pdf__cmo_027,"When monitoring capacity is weak and hidden costs are excluded from assessments, officials overestimate net benefits; independent auditing can mitigate this.",10
20_defense_offsets_and_regional_development_in_south_africa_pdf__cmo_028,"With vendor discretion and emphasis on capital-intensive core projects, offsets confirm rather than challenge existing patterns, and employment effects remain limited in peripheral regions.",8
01_introduction_and_overview_pdf__cmo_001,"To reconcile cheaper imports with domestic economic expectations, purchasers impose offset obligations that compel foreign vendors (and subcontractors) to place additional purchases/investment in the buyer’s economy.",5
01_introduction_and_overview_pdf__cmo_002,"Because vendors cannot readily meet offset obligations through local purchasing, offset packages pivot toward inward investment and joint-venture style commitments to satisfy obligations and inject capability.",-1
01_introduction_and_overview_pdf__cmo_003,Limited disclosure and strategic presentation of claims by interested parties reduces data availability and impedes independent assessment.,10
01_introduction_and_overview_pdf__cmo_004,"Once policymakers recognise indirect offsets impose real costs and weak performance, they demote indirect offsets to a fallback while shifting emphasis to direct local-content requirements.",-1
01_introduction_and_overview_pdf__cmo_005,Procurement choices prioritise industrial/economic benefits (including offsets/IRBs) over strictly military performance when security pressures are perceived as lower.,1
01_introduction_and_overview_pdf__cmo_006,"Offset obligations steer work to politically prioritised regions and firms, sustaining inefficient producers and discouraging rationalisation by masking underlying industrial weaknesses.",13
01_introduction_and_overview_pdf__cmo_007,"Vendors incorporate the expected cost premium of offset obligations into bid prices, raising acquisition costs relative to an equivalent off-the-shelf purchase.",11
01_introduction_and_overview_pdf__cmo_008,Offset policy is oriented toward international joint ventures (with equity/capital and facilitation by offset-obligated firms) in non-defence sectors where market demand and growth prospects are stronger.,-1
01_introduction_and_overview_pdf__cmo_009,"Offsets are implemented as licensed production, transferring know-how and embedding domestic capabilities despite a recognised price premium.",0
01_introduction_and_overview_pdf__cmo_010,"Technology transfer is tolerated because exporters gain royalties, strengthen allies against threats, and avoid losing sales to competitor suppliers if licences are denied.",0
01_introduction_and_overview_pdf__cmo_011,Arms sales paired with technology-transfer offsets build local capacity and simultaneously serve as a tool to reinforce diplomatic and military ties.,1
01_introduction_and_overview_pdf__cmo_012,Offsets are used to redirect some procurement-related value toward domestic industrial/technological upgrading and to improve political acceptability; purchasers may pay a premium to place work locally.,-1
01_introduction_and_overview_pdf__cmo_013,"Moving to joint development/production defines industrial tasks earlier and reduces the need to administer offset applications, making participation more predictable for domestic industry.",0
01_introduction_and_overview_pdf__cmo_014,"Equity participation aligns incentives by tying foreign partners to the domestic firm’s profitability, increasing willingness to share technological and marketing skills beyond a one-off obligation.",-1
01_introduction_and_overview_pdf__cmo_015,Suppliers use offset packages as a competitive differentiator that can tip purchasing decisions when core product offerings are otherwise comparable.,2
01_introduction_and_overview_pdf__cmo_016,Direct/indirect offsets are adopted as a cheaper alternative that still channels compensatory work to the domestic defence industrial base.,-1
01_introduction_and_overview_pdf__cmo_017,"When post-obligation purchases can be credited as banked offset, vendors continue placing work to build credit for future obligations.",2
01_introduction_and_overview_pdf__cmo_018,"If one exporter limits offset offerings, purchasers shift to alternative suppliers; thus firms offer offsets while simultaneously downplaying domestic harms to policymakers.",5
