Topic,Count,Name,Representation,KeyBERT,MMR,OpenAI,Representative_Docs
-1,119,-1_offset_offsets_capability_domestic,"['offset', 'offsets', 'capability', 'domestic', 'technology', 'transfer', 'procurement', 'industrial', 'local', 'firms', 'production', 'incentives']","['domestic firms', 'procurement', 'technology transfer', 'technology transfers', 'incentives', 'offset obligations', 'suppliers', 'firms', 'demand', 'supplier', 'marketing', 'production']","['offsets', 'capability', 'transfer', 'procurement', 'local', 'production', 'export', 'domestic firms', 'technology transfer', 'foreign']",['Domestic procurement strategies'],"['High offset percentages and preference for technology transfers/domestic production force foreign suppliers to provide industrial participation and technology inputs to compete.', 'By ranking domestic procurement first and licensed local production second, Japan channels demand and learning into domestic firms, maintaining production/technology capability.', 'By waiving offset requirements for foreign firms that enter strategic alliances, the program increases long-term investment and channels reputational capital to domestic firms while maintaining competitive selection.']"
0,40,0_technology_transfer_production_licensed production,"['technology', 'transfer', 'production', 'licensed production', 'technology transfer', 'licensed', 'learning', 'build', 'offsets', 'development', 'domestic', 'technologies']","['technology transfer', 'technology transfer training', 'technology transfers', 'licensed production', 'production', 'technologies', 'transfer training', 'technology', 'manufacturing', 'technical', 'domestic production', 'offsets provide']","['transfer', 'licensed production', 'offsets', 'development', 'technologies', 'indigenous', 'technology transfer training', 'transfer training', 'learning doing', 'work share']",['Technology Transfer and Production'],"['By conditioning arms purchases on licensed production, coproduction, and technology transfer, offsets provide foreign technical inputs that shorten the learning timeline.', 'Licensed production, collaboration, and offset-like work requirements were used to acquire technology and build dual-use capacity, accepting costs for production under license when it delivered transfer.', 'Licensed production and incremental technology transfer build production competence for mid-level systems and components, but do not automatically close frontier technology gaps.']"
1,32,1_military_defence_defense_arms,"['military', 'defence', 'defense', 'arms', 'civilian', 'resources', 'offsets', 'demand', 'security', 'economic', 'non', 'capacity']","['defence industrial', 'weapons purchases', 'technology transfer offsets', 'procurement', 'military', 'arms purchase', 'defence', 'absorptive capacity', 'domestic economic', 'strategy', 'transfer production', 'defense']","['civilian', 'resources', 'offsets', 'security', 'procurement', 'non defence', 'spending', 'policy', 'industrial', 'capabilities']",['Military offsets policy'],"['By abandoning civil offsets and focusing on military offsets in prioritized technology fields, policy aims to secure long-term defense technological competence rather than diffuse economic objectives.', 'Domestic arms-industry influence pushes governments to demand direct offsets that subsidize local military industry as part of foreign procurement.', 'By linking military imports to offsets that build non-defense capabilities, governments make military spending more attractive in budget competition and may increase total weapons purchases.']"
2,30,2_credit_obligations_activities_supplier,"['credit', 'obligations', 'activities', 'supplier', 'suppliers', 'value', 'obligation', 'credited', 'content', 'multipliers', 'compliance', 'offset']","['incentives', 'offset obligations', 'suppliers', 'supplier', 'offset agreements', 'obligations', 'compliance', 'vendors', 'agreements', 'fulfillment', 'obligation', 'additionality']","['obligations', 'supplier', 'content', 'multipliers', 'compliance', 'offset', 'crediting', 'penalties', 'incentives', 'rates']",['Supplier Compliance Strategies'],"['A quantified obligation (percent of imported content) plus a defined fulfillment window compels suppliers to design “credit-generating” projects to meet targets.', 'Structuring offset agreements to maximize transparency and create credible incentives/penalties increases supplier compliance with offset obligations.', 'Multipliers raise credited value for higher-priority activities (technology transfer, training, licensing/copro) and thereby steer supplier effort toward capability-building deliverables.']"
3,27,3_benefits_offsets_net_offset,"['benefits', 'offsets', 'net', 'offset', 'evaluation', 'purchases', 'value', 'officials', 'additionality', 'costs', 'economic', 'multipliers']","['benefits offset', 'adopt offsets', 'economic benefits', 'offset credit', 'direct offsets', 'offset deal', 'benefits', 'offsets', 'promised offset', 'offset promises', 'offset', 'expected costs']","['evaluation', 'purchases', 'additionality', 'offset promises', 'gaps', 'acceptance', 'accountability', 'economic benefits', 'values', 'offset credit']",['Economic impacts of offsets'],"['Mixed objectives and unclear incidence of benefits make it difficult to specify evaluation criteria and to identify who gains net benefits from mandated offsets.', 'Officials emphasized offsets as promised economic benefits to shift public and political reasoning toward acceptance of the arms purchase.', 'By making offsets appear to deliver large economic benefits (even if illusory), officials reduce perceived net costs and increase public acceptance.']"
4,24,4_local_joint ventures_ventures_firms,"['local', 'joint ventures', 'ventures', 'firms', 'domestic', 'joint', 'primes', 'capability', 'foreign', 'supply', 'suppliers', 'subsidiaries']","['joint ventures', 'foreign firms', 'multinational', 'acquisitions domestic', 'subsidiaries', 'domestic capabilities', 'ventures', 'firms', 'suppliers ability', 'alliances', 'domestic suppliers', 'domestic production']","['local', 'joint ventures', 'capability', 'subsidiaries', 'sustainment', 'relationships', 'multinational', 'domestic suppliers', 'component', 'supply chains']",['Local industrial integration'],"['Co-development alliances, joint ventures, and overseas acquisitions keep domestic industry open to foreign technology and capital and allow specialization in global supply chains.', 'Equity purchases and joint ventures integrate local firms into multinational networks without necessarily expanding domestic production capacity via new plant investment.', 'Existing technical capacity attracts joint ventures and technology transfer, enabling local firms to integrate into multinational supply chains and potentially expand exports.']"
5,19,5_exports_importing_purchases_shift,"['exports', 'importing', 'purchases', 'shift', 'offset', 'exporters', 'buyer', 'additional', 'trade', 'exchange', 'foreign', 'activity']","['exports', 'exporters', 'foreign exchange', 'offset obligations compel', 'offset offerings', 'offsets impose', 'export', 'free trade', 'reciprocal purchases', 'offset deal', 'importing', 'offsets increases']","['exports', 'importing', 'purchasers', 'impose', 'sector', 'penalties', 'labor', 'offsets', 'foreign exchange', 'countries']",['Trade restrictions and offsets'],"['Offset-generated exports concentrate in existing trade relations and traditional products from large exporters, limiting SME exports and job creation.', 'To reconcile cheaper imports with domestic economic expectations, purchasers impose offset obligations that compel foreign vendors (and subcontractors) to place additional purchases/investment in the buyer’s economy.', 'When exports are shipped for the exporter to sell as part of an offset, the importing country foregoes the foreign exchange it would have earned from selling those exports itself, leaving the net foreign-exchange position unchanged.']"
6,16,6_production_demand_large_small,"['production', 'demand', 'large', 'small', 'scale', 'cost', 'orders', 'domestic', 'costs', 'high', 'parts', 'lead']","['domestic production', 'exports', 'expand production', 'domestic demand', 'domestic industry', 'domestic orders small', 'costs domestic', 'domestic producers', 'economically', 'demand', 'unit costs', 'export orders']","['demand', 'scale', 'parts', 'lead', 'unit costs', 'exports', 'buyers', 'domestic production', 'reliance', 'long term']",['Domestic production challenges'],"['Very small fleet size raises unit costs and creates uncertainty about long-term spare parts supply, discouraging buyers and undermining sustainment economics.', 'Without large orders, average unit costs remain high; exports are required to reach break-even quantities, but market and credibility constraints impede exports.', 'The need to match modern adversary capabilities pushes buyers toward expensive modern systems, while small-scale domestic production cannot compete on cost, forcing reliance on imports or niche/obsolete production.']"
7,16,7_procurement_industrial participation_domestic_participation,"['procurement', 'industrial participation', 'domestic', 'participation', 'industrial', 'requiring', 'import', 'countertrade', 'indigenous', 'foreign', 'access', 'systems']","['procurement related', 'procurement', 'foreign suppliers', 'redirect procurement related', 'redirect procurement', 'sourcing', 'suppliers', 'offsets industrial participation', 'imported systems', 'delivering industrial', 'supply chain', 'foreign exchange']","['procurement', 'industrial participation', 'indigenous', 'domestic development', 'india', 'foreign suppliers', 'interoperability', 'foreign exchange', 'benefits', 'imports']",['Procurement and Offsets'],"['By structuring procurement through an “open” supplier cartel and requiring foreign suppliers to participate in German consortia, Germany embeds direct offsets/work share into the procurement system without an explicit IP policy.', 'As imports of components/subsystems rise (e.g., to save costs or avoid domestic development), governments require foreign suppliers to compensate through offsets (work share, countertrade, technology transfer).', 'By routinely embedding licensed production, technology transfer, countertrade/barter, and long-term credit into procurement, India uses procurement-linked resources to build domestic capability and manage foreign exchange constraints.']"
8,13,8_regional_projects_intensive_development,"['regional', 'projects', 'intensive', 'development', 'regions', 'job', 'limited', 'offsets', 'peripheral', 'capital', 'investment', 'reinforce']","['development benefits', 'offsets provide', 'economies', 'costs excluded', 'sectors', 'regions', 'hidden costs excluded', 'offsets used', 'offset activities', 'limited technology', 'projects', 'offsets']","['projects', 'regions', 'peripheral', 'capital', 'job creation', 'vendors', 'offset', 'benefits', 'emphasize', 'costs excluded']",['Project investment challenges'],"['Large, capital-intensive IDZ projects require substantial additional state investment and incentives, creating hidden costs that are often excluded from official offset assessments.', 'When offsets are used to “direct” investment toward selected sectors/regions, projects may be chosen for political fit rather than commercial viability, increasing failure risk.', 'With vendor discretion and emphasis on capital-intensive core projects, offsets confirm rather than challenge existing patterns, and employment effects remain limited in peripheral regions.']"
9,12,9_negotiation_offset packages_packages_offset,"['negotiation', 'offset packages', 'packages', 'offset', 'flexible', 'flexibility', 'margin', 'price margin', 'rigid', 'scope', 'superior', 'compensation']","['offset policy', 'bargaining leverage', 'offset packages', 'negotiation', 'offsets', 'negotiating', 'bargaining', 'offset', 'variable offset', 'negotiated', 'compensation', 'deals']","['offset packages', 'flexibility', 'price margin', 'scope', 'compensation', 'valuation', 'bargaining leverage', 'forcing', 'arrangements', 'exchange']",['Negotiation and Offsets'],"['Bureaucratically mandated, fixed-percentage offset schemes reduce negotiation flexibility by forcing in-kind enhancements instead of allowing negotiators to choose the most advantageous mix of price and content.', 'Flexible negotiation norms allow offset packages to be tailored to domestic technological capacity and workforce-cost considerations rather than meeting a rigid ratio.', 'A variable offset policy increases negotiation flexibility and the opportunity set, allowing comparison of price-margin exchange versus offsets and reducing diseconomies of scope.']"
10,11,10_net_corruption_net benefits_independent,"['net', 'corruption', 'net benefits', 'independent', 'monitoring', 'compliance', 'political', 'limited', 'benefits', 'obligations', 'capacity weak', 'net benefit']","['incentives', 'hidden costs excluded', 'scrutiny', 'hidden costs', 'net benefits', 'net benefit', 'compliance', 'oversight', 'offset obligations', 'costs excluded', 'benefits', 'bargaining']","['corruption', 'net benefits', 'independent', 'compliance', 'capacity weak', 'assessments', 'easier', 'structure', 'oversight', 'hidden costs excluded']",['Oversight and compliance'],"['Without reliable data and transparency, analysts cannot quantify net benefits or verify claims about jobs and investment delivery.', 'Mandating offset obligations and tracking acquittals creates stronger compliance incentives and clearer reporting, even though compliance may not equal net benefit.', 'When monitoring capacity is weak and hidden costs are excluded from assessments, officials overestimate net benefits; independent auditing can mitigate this.']"
11,11,11_price_offset_costs_weapons,"['price', 'offset', 'costs', 'weapons', 'raising', 'expected', 'prices', 'vendors', 'suppliers', 'pass', 'incorporate', 'offset related']","['offset offerings', 'offset obligations', 'offset requirements', 'offset related', 'price premium', 'offsets', 'price padding', 'using indirect offsets', 'pricing', 'offsets reduce', 'costs', 'offset']","['costs', 'weapons', 'vendors', 'incorporate', 'contract', 'increase', 'offset obligations', 'returns', 'true', 'using indirect']",['Offset pricing in defense'],"['Vendors incorporate offset premiums into the weapons selling price to recoup offset costs.', 'Vendors incorporate the expected cost premium of offset obligations into bid prices, raising acquisition costs relative to an equivalent off-the-shelf purchase.', 'Because there is no unique benchmark price, suppliers can embed offset-related costs into the offered weapons price without the buyer being able to verify price padding.']"
12,10,12_win_work_access_best,"['win', 'work', 'access', 'best', 'competitive', 'partnerships', 'allocation', 'cross', 'meeting', 'prime', 'participation', 'based']","['partnerships', 'sourcing', 'alliances', 'work share', 'partners', 'joint development', 'agreements', 'strategic', 'multinational', 'collaboration', 'opportunities', 'advantage']","['partnerships', 'risk', 'industrial', 'development', 'local capability', 'schedule', 'cross national', 'constraints limit', 'best endeavors', 'offset percentage']",['Competitive Partnership Dynamics'],"['Exclusive partnership yields “win-lose” exposure tied to prime selection, while suppliers in both teams hedge risk (“win-win”) based on competitive advantage.', 'Treating Australian and New Zealand industry as a combined industrial base and subcontracting local content on a best-endeavors basis enables cross-border work allocation within a trusted partner group.', 'Early partnership and competitive “best value” work allocation provide access to development roles and potential high-technology work shares, conditional on technology access agreements and export-control approvals.']"
13,8,13_state_producers_work_inefficient,"['state', 'producers', 'work', 'inefficient', 'specific', 'procurement', 'industrial', 'offsets', 'large', 'offset obligations', 'domestic', 'obligations']","['offset obligations', 'indirect offsets', 'direct offsets', 'offsets', 'using offsets', 'use offsets', 'compensatory work', 'procurement', 'sector specific', 'allocation', 'offset', 'strategic']","['state', 'inefficient', 'procurement', 'industrial', 'offset obligations', 'domestic producers', 'reforms', 'losses', 'substitute', 'sector specific']",['Industrial offsets and inefficiencies'],"['By embedding compensatory work in an offset package, officials can present support to domestic producers as a condition of purchase rather than a visible subsidy, reducing political costs.', 'Offset obligations steer work to politically prioritised regions and firms, sustaining inefficient producers and discouraging rationalisation by masking underlying industrial weaknesses.', 'Using offsets as a second-best substitute for appropriate macro/trade reforms distorts resource allocation and embeds inefficient sector-specific fixes in procurement.']"
